Workbook

Sheet FCO2 - ktC
A1: FCO2 - user emissions of carbon dioxide th tonnes carbon
A2: time | B2: 2010 | C2: 2011 | D2: 2012 | E2: 2013 | F2: 2014 | G2: 2015 | H2: 2016 | I2: 2017 | J2: 2018 | K2: 2019 | L2: 2020 | M2: 2021 | N2: 2022 | O2: 2023 | P2: 2024 | Q2: 2025 | R2: 2026 | S2: 2027 | T2: 2028 | U2: 2029 | V2: 2030 | W2: 2031 | X2: 2032 | Y2: 2033 | Z2: 2034 | AA2: 2035 | AB2: 2036 | AC2: 2037 | AD2: 2038 | AE2: 2039 | AF2: 2040 | AG2: 2041 | AH2: 2042 | AI2: 2043 | AJ2: 2044 | AK2: 2045 | AL2: 2046 | AM2: 2047 | AN2: 2048 | AO2: 2049 | AP2: 2050
A3: Dan1; 1 Belgium (BE); 1 Power own use & trans. | B3: 6117.3916 | C3: 5254.168 | D3: 5005.6826 | E3: 5650.5771 | F3: 5072.7305 | G3: 5621.7837 | H3: 5158.8237 | I3: 5156.3032 | J3: 5176.9805 | K3: 5162.1494 | L3: 5173.1284 | M3: 5036.8867 | N3: 4905.8564 | O3: 3005.0759 | P3: 3283.2212 | Q3: 3529.1553 | R3: 3881.6211 | S3: 4280.1455 | T3: 4693.7446 | U3: 5131.0312 | V3: 5596.686 | W3: 5975.144 | X3: 6336.1489 | Y3: 6718.9106 | Z3: 7119.3164 | AA3: 7528.0186 | AB3: 7708.2871 | AC3: 7814.0703 | AD3: 7942.4736 | AE3: 8065.0884 | AF3: 8166.0312 | AG3: 8231.501 | AH3: 8276.916 | AI3: 8314.7412 | AJ3: 8343.4229 | AK3: 8357.9502 | AL3: 8360.874 | AM3: 8352.4922 | AN3: 8338.958 | AO3: 8322.2119 | AP3: 8303.5752
A4: Dan1; 2 Denmark (DK); 1 Power own use & trans. | B4: 4140.6211 | C4: 3323.938 | D4: 2623.5493 | E4: 4068.0996 | F4: 3355.0332 | G4: 2714.9421 | H4: 3115.8416 | I4: 2992.4104 | J4: 2970.0083 | K4: 2636.0564 | L4: 2443.8247 | M4: 2404.1748 | N4: 2386.8916 | O4: 962.4427 | P4: 926.7236 | Q4: 980.0015 | R4: 1069.0604 | S4: 1173.7384 | T4: 1271.1508 | U4: 1356.1827 | V4: 1439.0312 | W4: 1486.8147 | X4: 1520.1086 | Y4: 1556.3701 | Z4: 1593.9006 | AA4: 1627.6812 | AB4: 1658.8352 | AC4: 1686.6503 | AD4: 1709.2305 | AE4: 1725.576 | AF4: 1734.7502 | AG4: 1732.506 | AH4: 1721.2809 | AI4: 1703.9331 | AJ4: 1682.6678 | AK4: 1658.3711 | AL4: 1625.6505 | AM4: 1585.5685 | AN4: 1543.5382 | AO4: 1500.3597 | AP4: 1458.0769
A5: Dan1; 3 Germany (DE); 1 Power own use & trans. | B5: 92143.906 | C5: 90121.492 | D5: 93237.297 | E5: 105681.65 | F5: 101357.14 | G5: 100283.65 | H5: 100085.29 | I5: 94981.719 | J5: 90596.914 | K5: 83954.625 | L5: 78211.523 | M5: 79049.75 | N5: 79904.922 | O5: 75600.984 | P5: 71502.141 | Q5: 69869.898 | R5: 70115.711 | S5: 70026.117 | T5: 69335.383 | U5: 68492.93 | V5: 67686.906 | W5: 65852.172 | X5: 63635.145 | Y5: 61801.035 | Z5: 60203.688 | AA5: 58718.422 | AB5: 57248.238 | AC5: 55920.336 | AD5: 54725.73 | AE5: 53632.59 | AF5: 52662.531 | AG5: 52007.086 | AH5: 51514.328 | AI5: 50976.762 | AJ5: 50435.898 | AK5: 49942.996 | AL5: 49677.75 | AM5: 49496.629 | AN5: 49286.5 | AO5: 49056.559 | AP5: 48856.824
A6: Dan1; 4 Greece (EL); 1 Power own use & trans. | B6: 11900.362 | C6: 12080.912 | D6: 12007.663 | E6: 10625.53 | F6: 9666.0098 | G6: 8743.9639 | H6: 8214.832 | I6: 8658.8828 | J6: 8393.8779 | K6: 7862.2471 | L6: 7454.7612 | M6: 6007.4312 | N6: 5195.522 | O6: 5586.4604 | P6: 5638.0234 | Q6: 5561.9634 | R6: 5597.6855 | S6: 5599.125 | T6: 5542.4609 | U6: 5457.1255 | V6: 5355.4971 | W6: 5247.4966 | X6: 5125.5493 | Y6: 4985.8716 | Z6: 4839.0889 | AA6: 4679.5376 | AB6: 4513.9458 | AC6: 4348.0962 | AD6: 4180.7495 | AE6: 4013.5442 | AF6: 3855.1926 | AG6: 3727.8582 | AH6: 3623.9832 | AI6: 3514.8015 | AJ6: 3403.8782 | AK6: 3301.5085 | AL6: 3233.2874 | AM6: 3188.0984 | AN6: 3137.665 | AO6: 3077.9155 | AP6: 3021.4402
A7: Dan1; 5 Spain (ES); 1 Power own use & trans. | B7: 20226.227 | C7: 24325.486 | D7: 25782.043 | E7: 21451.955 | F7: 21589.387 | G7: 24759.988 | H7: 20666.881 | I7: 24047.111 | J7: 21056.461 | K7: 18624.127 | L7: 16729.42 | M7: 15244.228 | N7: 14139.719 | O7: 13917.572 | P7: 15704.098 | Q7: 16255.88 | R7: 16640.533 | S7: 17062.082 | T7: 17340.553 | U7: 17452.691 | V7: 17434.488 | W7: 17243.019 | X7: 16944.326 | Y7: 16592.422 | Z7: 16191.871 | AA7: 15765.294 | AB7: 15291.544 | AC7: 14786.536 | AD7: 14327.525 | AE7: 13903.261 | AF7: 13527.365 | AG7: 13201.24 | AH7: 12937.562 | AI7: 12724.677 | AJ7: 12549.544 | AK7: 12390.973 | AL7: 12269.555 | AM7: 12194.377 | AN7: 12137.98 | AO7: 12084.496 | AP7: 12035.758
A8: Dan1; 6 France (FR); 1 Power own use & trans. | B8: 12781.597 | C8: 11014.125 | D8: 11908.936 | E8: 13427.179 | F8: 9927.4287 | G8: 10917.303 | H8: 12001.017 | I8: 13261.192 | J8: 10896.611 | K8: 9792.0449 | L8: 8901.0527 | M8: 8247.959 | N8: 7829.2227 | O8: 13140.411 | P8: 11780.52 | Q8: 11233.875 | R8: 10943.566 | S8: 10726.792 | T8: 10532.783 | U8: 10365.085 | V8: 10230.84 | W8: 10057.669 | X8: 9872.9863 | Y8: 9694.0684 | Z8: 9520.7012 | AA8: 9337.0361 | AB8: 9101.8428 | AC8: 8833.0566 | AD8: 8548.5723 | AE8: 8268.7188 | AF8: 7945.4956 | AG8: 7586.5762 | AH8: 7195.0581 | AI8: 6767.8652 | AJ8: 6313.6772 | AK8: 5852.3794 | AL8: 5416.0898 | AM8: 5032.2305 | AN8: 4677.9688 | AO8: 4351.062 | AP8: 4065.8462
A9: Dan1; 7 Ireland (IE); 1 Power own use & trans. | B9: 3761.6846 | C9: 3371.8228 | D9: 3591.8757 | E9: 3313.5391 | F9: 3273.03 | G9: 3448.373 | H9: 3704.4036 | I9: 3409.8015 | J9: 2972.5957 | K9: 2813.1948 | L9: 2692.8469 | M9: 2049.6562 | N9: 2182.2566 | O9: 3207.5889 | P9: 3632.3669 | Q9: 3755.5586 | R9: 3767.4275 | S9: 3812.3918 | T9: 3864.6382 | U9: 3896.3726 | V9: 3910.1494 | W9: 3870.7075 | X9: 3809.8657 | Y9: 3753.6182 | Z9: 3699.8293 | AA9: 3645.3274 | AB9: 3579.1309 | AC9: 3509.5564 | AD9: 3439.364 | AE9: 3366.5625 | AF9: 3291.6882 | AG9: 3231.6401 | AH9: 3174.4397 | AI9: 3118.4612 | AJ9: 3062.1868 | AK9: 3015.791 | AL9: 2994.7566 | AM9: 2979.595 | AN9: 2963.3638 | AO9: 2945.3408 | AP9: 2925.3916
A10: Dan1; 8 Italy (IT); 1 Power own use & trans. | B10: 38104.969 | C10: 37690.453 | D10: 36285.102 | E10: 36831.648 | F10: 34871.406 | G10: 36317.758 | H10: 35959.32 | I10: 36206.262 | J10: 33857.863 | K10: 32198.156 | L10: 30845.156 | M10: 24495.299 | N10: 24678.586 | O10: 27040.078 | P10: 25402.82 | Q10: 24950.4 | R10: 25101.674 | S10: 25151.129 | T10: 24963.389 | U10: 24749.092 | V10: 24563.344 | W10: 23957.184 | X10: 23152.535 | Y10: 22414.527 | Z10: 21691.506 | AA10: 20914.256 | AB10: 20170.047 | AC10: 19458.375 | AD10: 18748.914 | AE10: 18074.014 | AF10: 17472.955 | AG10: 16976.383 | AH10: 16618.768 | AI10: 16341.489 | AJ10: 16130.569 | AK10: 15997.94 | AL10: 15947.776 | AM10: 15921.402 | AN10: 15879.977 | AO10: 15817.815 | AP10: 15758.95
A11: Dan1; 9 Luxembourg (LX); 1 Power own use & trans. | B11: 241.4137 | C11: 199.9698 | D11: 205.5365 | E11: 141.8759 | F11: 146.1683 | G11: 100.2185 | H11: 60.2497 | I11: 67.375 | J11: 81.236 | K11: 74.1792 | L11: 70.0986 | M11: 69.7117 | N11: 69.6384 | O11: 12.8849 | P11: 8.9922 | Q11: 6.3461 | R11: 6.2995 | S11: 6.7528 | T11: 7.0367 | U11: 6.927 | V11: 6.7043 | W11: 6.2414 | X11: 5.6987 | Y11: 5.2862 | Z11: 5.0344 | AA11: 4.8441 | AB11: 4.5123 | AC11: 4.086 | AD11: 3.7472 | AE11: 3.5726 | AF11: 3.5276 | AG11: 3.4887 | AH11: 3.401 | AI11: 3.3522 | AJ11: 3.4159 | AK11: 3.5739 | AL11: 3.7454 | AM11: 3.852 | AN11: 3.8781 | AO11: 3.8748 | AP11: 3.8888
A12: Dan1; 10 Netherlands (NL); 1 Power own use & trans. | B12: 16624.326 | C12: 15506.459 | D12: 15079.099 | E12: 16269.927 | F12: 16811.146 | G12: 18154.502 | H12: 17845.721 | I12: 16920.277 | J12: 15766.711 | K12: 15057.791 | L12: 14506.947 | M12: 13597.433 | N12: 12811.918 | O12: 9864.3838 | P12: 9728.7871 | Q12: 9090.5889 | R12: 8712.3047 | S12: 8550.5283 | T12: 8379.9668 | U12: 8151.7275 | V12: 7942.7773 | W12: 7703.9727 | X12: 7450.3574 | Y12: 7228.063 | Z12: 7036.2876 | AA12: 6852.1904 | AB12: 6644.2319 | AC12: 6426.3257 | AD12: 6214.9648 | AE12: 6013.1416 | AF12: 5803.7998 | AG12: 5613.6235 | AH12: 5437.5029 | AI12: 5257.9937 | AJ12: 5069.1045 | AK12: 4874.6445 | AL12: 4731.5757 | AM12: 4616.9395 | AN12: 4499.9326 | AO12: 4365.2002 | AP12: 4231.6338
A13: Dan1; 11 Austria (AT); 1 Power own use & trans. | B13: 2983.4141 | C13: 2921.6548 | D13: 2535.3184 | E13: 3491.281 | F13: 3178.5164 | G13: 3454.2261 | H13: 3312.7014 | I13: 3546.5083 | J13: 3305.5815 | K13: 3240.8435 | L13: 3196.8047 | M13: 2992.905 | N13: 2864.3271 | O13: 1193.3241 | P13: 1408.3104 | Q13: 1346.225 | R13: 1385.1226 | S13: 1444.5754 | T13: 1502.9189 | U13: 1554.1608 | V13: 1601.79 | W13: 1626.2844 | X13: 1643.2756 | Y13: 1661.0295 | Z13: 1680.4766 | AA13: 1698.0259 | AB13: 1720.9989 | AC13: 1743.5498 | AD13: 1757.1034 | AE13: 1760.1165 | AF13: 1753.7893 | AG13: 1746.0206 | AH13: 1732.595 | AI13: 1707.6708 | AJ13: 1669.2069 | AK13: 1627.5205 | AL13: 1580.0148 | AM13: 1528.9873 | AN13: 1476.9189 | AO13: 1424.6083 | AP13: 1374.9105
... A73: Dan1; 71 Pakistan (PK); 1 Power own use & trans. | B73: 12431.393 | C73: 11526.914 | D73: 12061.719 | E73: 13520.301 | F73: 13667.094 | G73: 13890.784 | H73: 14984.823 | I73: 16737.342 | J73: 17774.539 | K73: 18534.277 | L73: 18534.277 | M73: 20665.621 | N73: 21897.076 | O73: 26606.606 | P73: 27419.67 | Q73: 28687.041 | R73: 30147.791 | S73: 31662.152 | T73: 33222.012 | U73: 34818.641 | V73: 36429.707 | W73: 37498.969 | X73: 38443.246 | Y73: 39318.961 | Z73: 40055.621 | AA73: 40606.883 | AB73: 40645.129 | AC73: 40390.199 | AD73: 39938.543 | AE73: 39316.246 | AF73: 38612.426 | AG73: 37981.73 | AH73: 37494.602 | AI73: 37191.367 | AJ73: 37091.199 | AK73: 37189.508 | AL73: 37443.137 | AM73: 37818.293 | AN73: 38307.867 | AO73: 38870.043 | AP73: 39517.582

Sheet FCO2 - ktCO2
A1: FCO2 - user emissions of carbon dioxide th tonnes carbon
A2: time | B2: 2010 | C2: 2011 | D2: 2012 | E2: 2013 | F2: 2014 | G2: 2015 | H2: 2016 | I2: 2017 | J2: 2018 | K2: 2019 | L2: 2020 | M2: 2021 | N2: 2022 | O2: 2023 | P2: 2024 | Q2: 2025 | R2: 2026 | S2: 2027 | T2: 2028 | U2: 2029 | V2: 2030 | W2: 2031 | X2: 2032 | Y2: 2033 | Z2: 2034 | AA2: 2035 | AB2: 2036 | AC2: 2037 | AD2: 2038 | AE2: 2039 | AF2: 2040 | AG2: 2041 | AH2: 2042 | AI2: 2043 | AJ2: 2044 | AK2: 2045 | AL2: 2046 | AM2: 2047 | AN2: 2048 | AO2: 2049 | AP2: 2050
A3: Dan1; 1 Belgium (BE); 1 Power own use & trans. | B3: ='FCO2 - ktC'!B3*3.66 -> 22389.653 | C3: ='FCO2 - ktC'!C3*3.66 -> 19230.255 | D3: ='FCO2 - ktC'!D3*3.66 -> 18320.798 | E3: ='FCO2 - ktC'!E3*3.66 -> 20681.112 | F3: ='FCO2 - ktC'!F3*3.66 -> 18566.194 | G3: ='FCO2 - ktC'!G3*3.66 -> 20575.728 | H3: ='FCO2 - ktC'!H3*3.66 -> 18881.295 | I3: ='FCO2 - ktC'!I3*3.66 -> 18872.07 | ... AP3: ='FCO2 - ktC'!AP3*3.66 -> 30391.085
A4: Dan1; 2 Denmark (DK); 1 Power own use & trans. | B4: ='FCO2 - ktC'!B4*3.66 -> 15154.673 | C4: ='FCO2 - ktC'!C4*3.66 -> 12165.613 | D4: ='FCO2 - ktC'!D4*3.66 -> 9602.1904 | E4: ='FCO2 - ktC'!E4*3.66 -> 14889.245 | F4: ='FCO2 - ktC'!F4*3.66 -> 12279.422 | G4: ='FCO2 - ktC'!G4*3.66 -> 9936.6881 | H4: ='FCO2 - ktC'!H4*3.66 -> 11403.98 | I4: ='FCO2 - ktC'!I4*3.66 -> 10952.222 | ... AP4: ='FCO2 - ktC'!AP4*3.66 -> 5336.5615
A5: Dan1; 3 Germany (DE); 1 Power own use & trans. | B5: ='FCO2 - ktC'!B5*3.66 -> 337246.7 | C5: ='FCO2 - ktC'!C5*3.66 -> 329844.66 | D5: ='FCO2 - ktC'!D5*3.66 -> 341248.51 | E5: ='FCO2 - ktC'!E5*3.66 -> 386794.83 | F5: ='FCO2 - ktC'!F5*3.66 -> 370967.13 | G5: ='FCO2 - ktC'!G5*3.66 -> 367038.15 | H5: ='FCO2 - ktC'!H5*3.66 -> 366312.16 | I5: ='FCO2 - ktC'!I5*3.66 -> 347633.09 | ... AP5: ='FCO2 - ktC'!AP5*3.66 -> 178815.98
A6: Dan1; 4 Greece (EL); 1 Power own use & trans. | B6: ='FCO2 - ktC'!B6*3.66 -> 43555.326 | C6: ='FCO2 - ktC'!C6*3.66 -> 44216.138 | D6: ='FCO2 - ktC'!D6*3.66 -> 43948.047 | E6: ='FCO2 - ktC'!E6*3.66 -> 38889.441 | F6: ='FCO2 - ktC'!F6*3.66 -> 35377.596 | G6: ='FCO2 - ktC'!G6*3.66 -> 32002.908 | H6: ='FCO2 - ktC'!H6*3.66 -> 30066.285 | I6: ='FCO2 - ktC'!I6*3.66 -> 31691.511 | ... AP6: ='FCO2 - ktC'!AP6*3.66 -> 11058.471
A7: Dan1; 5 Spain (ES); 1 Power own use & trans. | B7: ='FCO2 - ktC'!B7*3.66 -> 74027.989 | C7: ='FCO2 - ktC'!C7*3.66 -> 89031.28 | D7: ='FCO2 - ktC'!D7*3.66 -> 94362.277 | E7: ='FCO2 - ktC'!E7*3.66 -> 78514.156 | F7: ='FCO2 - ktC'!F7*3.66 -> 79017.155 | G7: ='FCO2 - ktC'!G7*3.66 -> 90621.557 | H7: ='FCO2 - ktC'!H7*3.66 -> 75640.784 | I7: ='FCO2 - ktC'!I7*3.66 -> 88012.427 | ... AP7: ='FCO2 - ktC'!AP7*3.66 -> 44050.874
A8: Dan1; 6 France (FR); 1 Power own use & trans. | B8: ='FCO2 - ktC'!B8*3.66 -> 46780.644 | C8: ='FCO2 - ktC'!C8*3.66 -> 40311.698 | D8: ='FCO2 - ktC'!D8*3.66 -> 43586.708 | E8: ='FCO2 - ktC'!E8*3.66 -> 49143.474 | F8: ='FCO2 - ktC'!F8*3.66 -> 36334.389 | G8: ='FCO2 - ktC'!G8*3.66 -> 39957.328 | H8: ='FCO2 - ktC'!H8*3.66 -> 43923.721 | I8: ='FCO2 - ktC'!I8*3.66 -> 48535.964 | ... AP8: ='FCO2 - ktC'!AP8*3.66 -> 14880.997
A9: Dan1; 7 Ireland (IE); 1 Power own use & trans. | B9: ='FCO2 - ktC'!B9*3.66 -> 13767.766 | C9: ='FCO2 - ktC'!C9*3.66 -> 12340.871 | D9: ='FCO2 - ktC'!D9*3.66 -> 13146.265 | E9: ='FCO2 - ktC'!E9*3.66 -> 12127.553 | F9: ='FCO2 - ktC'!F9*3.66 -> 11979.29 | G9: ='FCO2 - ktC'!G9*3.66 -> 12621.045 | H9: ='FCO2 - ktC'!H9*3.66 -> 13558.117 | I9: ='FCO2 - ktC'!I9*3.66 -> 12479.873 | ... AP9: ='FCO2 - ktC'!AP9*3.66 -> 10706.933
A10: Dan1; 8 Italy (IT); 1 Power own use & trans. | B10: ='FCO2 - ktC'!B10*3.66 -> 139464.19 | C10: ='FCO2 - ktC'!C10*3.66 -> 137947.06 | D10: ='FCO2 - ktC'!D10*3.66 -> 132803.47 | E10: ='FCO2 - ktC'!E10*3.66 -> 134803.83 | F10: ='FCO2 - ktC'!F10*3.66 -> 127629.35 | G10: ='FCO2 - ktC'!G10*3.66 -> 132922.99 | H10: ='FCO2 - ktC'!H10*3.66 -> 131611.11 | I10: ='FCO2 - ktC'!I10*3.66 -> 132514.92 | ... AP10: ='FCO2 - ktC'!AP10*3.66 -> 57677.758
A11: Dan1; 9 Luxembourg (LX); 1 Power own use & trans. | B11: ='FCO2 - ktC'!B11*3.66 -> 883.57414 | C11: ='FCO2 - ktC'!C11*3.66 -> 731.88947 | D11: ='FCO2 - ktC'!D11*3.66 -> 752.26359 | E11: ='FCO2 - ktC'!E11*3.66 -> 519.26579 | F11: ='FCO2 - ktC'!F11*3.66 -> 534.97598 | G11: ='FCO2 - ktC'!G11*3.66 -> 366.79971 | H11: ='FCO2 - ktC'!H11*3.66 -> 220.5139 | I11: ='FCO2 - ktC'!I11*3.66 -> 246.5925 | ... AP11: ='FCO2 - ktC'!AP11*3.66 -> 14.233008
A12: Dan1; 10 Netherlands (NL); 1 Power own use & trans. | B12: ='FCO2 - ktC'!B12*3.66 -> 60845.034 | C12: ='FCO2 - ktC'!C12*3.66 -> 56753.64 | D12: ='FCO2 - ktC'!D12*3.66 -> 55189.501 | E12: ='FCO2 - ktC'!E12*3.66 -> 59547.932 | F12: ='FCO2 - ktC'!F12*3.66 -> 61528.796 | G12: ='FCO2 - ktC'!G12*3.66 -> 66445.477 | H12: ='FCO2 - ktC'!H12*3.66 -> 65315.338 | I12: ='FCO2 - ktC'!I12*3.66 -> 61928.215 | ... AP12: ='FCO2 - ktC'!AP12*3.66 -> 15487.78
A13: Dan1; 11 Austria (AT); 1 Power own use & trans. | B13: ='FCO2 - ktC'!B13*3.66 -> 10919.296 | C13: ='FCO2 - ktC'!C13*3.66 -> 10693.257 | D13: ='FCO2 - ktC'!D13*3.66 -> 9279.2653 | E13: ='FCO2 - ktC'!E13*3.66 -> 12778.088 | F13: ='FCO2 - ktC'!F13*3.66 -> 11633.37 | G13: ='FCO2 - ktC'!G13*3.66 -> 12642.468 | H13: ='FCO2 - ktC'!H13*3.66 -> 12124.487 | I13: ='FCO2 - ktC'!I13*3.66 -> 12980.22 | ... AP13: ='FCO2 - ktC'!AP13*3.66 -> 5032.1724
A14: Dan1; 12 Portugal (PT); 1 Power own use & trans. | B14: ='FCO2 - ktC'!B14*3.66 -> 15518.665 | C14: ='FCO2 - ktC'!C14*3.66 -> 17623.49 | D14: ='FCO2 - ktC'!D14*3.66 -> 18757.934 | E14: ='FCO2 - ktC'!E14*3.66 -> 18818.978 | F14: ='FCO2 - ktC'!F14*3.66 -> 18983.662 | G14: ='FCO2 - ktC'!G14*3.66 -> 22804.659 | H14: ='FCO2 - ktC'!H14*3.66 -> 21769.212 | I14: ='FCO2 - ktC'!I14*3.66 -> 25888.061 | ... AP14: ='FCO2 - ktC'!AP14*3.66 -> 7507.6661
... A73: Dan1; 71 Pakistan (PK); 1 Power own use & trans. | B73: ='FCO2 - ktC'!B73*3.66 -> 45498.897 | C73: ='FCO2 - ktC'!C73*3.66 -> 42188.506 | D73: ='FCO2 - ktC'!D73*3.66 -> 44145.891 | E73: ='FCO2 - ktC'!E73*3.66 -> 49484.301 | F73: ='FCO2 - ktC'!F73*3.66 -> 50021.563 | G73: ='FCO2 - ktC'!G73*3.66 -> 50840.27 | H73: ='FCO2 - ktC'!H73*3.66 -> 54844.453 | I73: ='FCO2 - ktC'!I73*3.66 -> 61258.671 | ... AP73: ='FCO2 - ktC'!AP73*3.66 -> 144634.35

Sheet EmissionIntensity gCO2 p kWh
A2: time | B2: 2010 | C2: 2011 | D2: 2012 | E2: 2013 | F2: 2014 | G2: 2015 | H2: 2016 | I2: 2017 | J2: 2018 | K2: 2019 | L2: 2020 | M2: 2021 | N2: 2022 | O2: 2023 | P2: 2024 | Q2: 2025 | R2: 2026 | S2: 2027 | T2: 2028 | U2: 2029 | V2: 2030 | W2: 2031 | X2: 2032 | Y2: 2033 | Z2: 2034 | AA2: 2035 | AB2: 2036 | AC2: 2037 | AD2: 2038 | AE2: 2039 | AF2: 2040 | AG2: 2041 | AH2: 2042 | AI2: 2043 | AJ2: 2044 | AK2: 2045 | AL2: 2046 | AM2: 2047 | AN2: 2048 | AO2: 2049 | AP2: 2050
A3: Dan1; 1 Belgium (BE); 1 Power own use & trans. | B3: =('FCO2 - ktCO2'!B3*1000000000)/('MEWG - GWh'!B3*1000000) -> 237.39052 | C3: =('FCO2 - ktCO2'!C3*1000000000)/('MEWG - GWh'!C3*1000000) -> 212.97331 | D3: =('FCO2 - ktCO2'!D3*1000000000)/('MEWG - GWh'!D3*1000000) -> 221.41275 | E3: =('FCO2 - ktCO2'!E3*1000000000)/('MEWG - GWh'!E3*1000000) -> 248.95526 | F3: =('FCO2 - ktCO2'!F3*1000000000)/('MEWG - GWh'!F3*1000000) -> 257.43938 | G3: =('FCO2 - ktCO2'!G3*1000000000)/('MEWG - GWh'!G3*1000000) -> 297.16921 | H3: =('FCO2 - ktCO2'!H3*1000000000)/('MEWG - GWh'!H3*1000000) -> 221.90993 | I3: =('FCO2 - ktCO2'!I3*1000000000)/('MEWG - GWh'!I3*1000000) -> 219.26955 | ... AP3: =('FCO2 - ktCO2'!AP3*1000000000)/('MEWG - GWh'!AP3*1000000) -> 181.20194
A4: Dan1; 2 Denmark (DK); 1 Power own use & trans. | B4: =('FCO2 - ktCO2'!B4*1000000000)/('MEWG - GWh'!B4*1000000) -> 389.96091 | C4: =('FCO2 - ktCO2'!C4*1000000000)/('MEWG - GWh'!C4*1000000) -> 345.32883 | D4: =('FCO2 - ktCO2'!D4*1000000000)/('MEWG - GWh'!D4*1000000) -> 312.76778 | E4: =('FCO2 - ktCO2'!E4*1000000000)/('MEWG - GWh'!E4*1000000) -> 428.56504 | F4: =('FCO2 - ktCO2'!F4*1000000000)/('MEWG - GWh'!F4*1000000) -> 381.53794 | G4: =('FCO2 - ktCO2'!G4*1000000000)/('MEWG - GWh'!G4*1000000) -> 343.34731 | H4: =('FCO2 - ktCO2'!H4*1000000000)/('MEWG - GWh'!H4*1000000) -> 373.43076 | I4: =('FCO2 - ktCO2'!I4*1000000000)/('MEWG - GWh'!I4*1000000) -> 353.04065 | ... AP4: =('FCO2 - ktCO2'!AP4*1000000000)/('MEWG - GWh'!AP4*1000000) -> 90.46294
A5: Dan1; 3 Germany (DE); 1 Power own use & trans. | B5: =('FCO2 - ktCO2'!B5*1000000000)/('MEWG - GWh'!B5*1000000) -> 534.43168 | C5: =('FCO2 - ktCO2'!C5*1000000000)/('MEWG - GWh'!C5*1000000) -> 539.82364 | D5: =('FCO2 - ktCO2'!D5*1000000000)/('MEWG - GWh'!D5*1000000) -> 544.6947 | E5: =('FCO2 - ktCO2'!E5*1000000000)/('MEWG - GWh'!E5*1000000) -> 607.27425 | F5: =('FCO2 - ktCO2'!F5*1000000000)/('MEWG - GWh'!F5*1000000) -> 592.80475 | G5: =('FCO2 - ktCO2'!G5*1000000000)/('MEWG - GWh'!G5*1000000) -> 567.74427 | H5: =('FCO2 - ktCO2'!H5*1000000000)/('MEWG - GWh'!H5*1000000) -> 564.80756 | I5: =('FCO2 - ktCO2'!I5*1000000000)/('MEWG - GWh'!I5*1000000) -> 533.1616 | ... AP5: =('FCO2 - ktCO2'!AP5*1000000000)/('MEWG - GWh'!AP5*1000000) -> 215.04202
A6: Dan1; 4 Greece (EL); 1 Power own use & trans. | B6: =('FCO2 - ktCO2'!B6*1000000000)/('MEWG - GWh'!B6*1000000) -> 758.73115 | C6: =('FCO2 - ktCO2'!C6*1000000000)/('MEWG - GWh'!C6*1000000) -> 743.92794 | D6: =('FCO2 - ktCO2'!D6*1000000000)/('MEWG - GWh'!D6*1000000) -> 720.94294 | E6: =('FCO2 - ktCO2'!E6*1000000000)/('MEWG - GWh'!E6*1000000) -> 680.4567 | F6: =('FCO2 - ktCO2'!F6*1000000000)/('MEWG - GWh'!F6*1000000) -> 700.9094 | G6: =('FCO2 - ktCO2'!G6*1000000000)/('MEWG - GWh'!G6*1000000) -> 616.93387 | H6: =('FCO2 - ktCO2'!H6*1000000000)/('MEWG - GWh'!H6*1000000) -> 552.28845 | I6: =('FCO2 - ktCO2'!I6*1000000000)/('MEWG - GWh'!I6*1000000) -> 573.43501 | ... AP6: =('FCO2 - ktCO2'!AP6*1000000000)/('MEWG - GWh'!AP6*1000000) -> 150.99373
A7: Dan1; 5 Spain (ES); 1 Power own use & trans. | B7: =('FCO2 - ktCO2'!B7*1000000000)/('MEWG - GWh'!B7*1000000) -> 245.63968 | C7: =('FCO2 - ktCO2'!C7*1000000000)/('MEWG - GWh'!C7*1000000) -> 303.16158 | D7: =('FCO2 - ktCO2'!D7*1000000000)/('MEWG - GWh'!D7*1000000) -> 317.30825 | E7: =('FCO2 - ktCO2'!E7*1000000000)/('MEWG - GWh'!E7*1000000) -> 274.87956 | F7: =('FCO2 - ktCO2'!F7*1000000000)/('MEWG - GWh'!F7*1000000) -> 283.47035 | G7: =('FCO2 - ktCO2'!G7*1000000000)/('MEWG - GWh'!G7*1000000) -> 322.84654 | H7: =('FCO2 - ktCO2'!H7*1000000000)/('MEWG - GWh'!H7*1000000) -> 275.39411 | I7: =('FCO2 - ktCO2'!I7*1000000000)/('MEWG - GWh'!I7*1000000) -> 319.30788 | ... AP7: =('FCO2 - ktCO2'!AP7*1000000000)/('MEWG - GWh'!AP7*1000000) -> 117.14672
A8: Dan1; 6 France (FR); 1 Power own use & trans. | B8: =('FCO2 - ktCO2'!B8*1000000000)/('MEWG - GWh'!B8*1000000) -> 82.19348 | C8: =('FCO2 - ktCO2'!C8*1000000000)/('MEWG - GWh'!C8*1000000) -> 70.406344 | D8: =('FCO2 - ktCO2'!D8*1000000000)/('MEWG - GWh'!D8*1000000) -> 76.19968 | E8: =('FCO2 - ktCO2'!E8*1000000000)/('MEWG - GWh'!E8*1000000) -> 84.49229 | F8: =('FCO2 - ktCO2'!F8*1000000000)/('MEWG - GWh'!F8*1000000) -> 63.521703 | G8: =('FCO2 - ktCO2'!G8*1000000000)/('MEWG - GWh'!G8*1000000) -> 69.025866 | H8: =('FCO2 - ktCO2'!H8*1000000000)/('MEWG - GWh'!H8*1000000) -> 77.949566 | I8: =('FCO2 - ktCO2'!I8*1000000000)/('MEWG - GWh'!I8*1000000) -> 86.482452 | ... AP8: =('FCO2 - ktCO2'!AP8*1000000000)/('MEWG - GWh'!AP8*1000000) -> 23.583348
A9: Dan1; 7 Ireland (IE); 1 Power own use & trans. | B9: =('FCO2 - ktCO2'!B9*1000000000)/('MEWG - GWh'!B9*1000000) -> 485.57974 | C9: =('FCO2 - ktCO2'!C9*1000000000)/('MEWG - GWh'!C9*1000000) -> 454.30933 | D9: =('FCO2 - ktCO2'!D9*1000000000)/('MEWG - GWh'!D9*1000000) -> 480.57941 | E9: =('FCO2 - ktCO2'!E9*1000000000)/('MEWG - GWh'!E9*1000000) -> 467.8742 | F9: =('FCO2 - ktCO2'!F9*1000000000)/('MEWG - GWh'!F9*1000000) -> 459.22737 | G9: =('FCO2 - ktCO2'!G9*1000000000)/('MEWG - GWh'!G9*1000000) -> 444.57078 | H9: =('FCO2 - ktCO2'!H9*1000000000)/('MEWG - GWh'!H9*1000000) -> 444.36039 | I9: =('FCO2 - ktCO2'!I9*1000000000)/('MEWG - GWh'!I9*1000000) -> 404.21695 | ... AP9: =('FCO2 - ktCO2'!AP9*1000000000)/('MEWG - GWh'!AP9*1000000) -> 204.46326
A10: Dan1; 8 Italy (IT); 1 Power own use & trans. | B10: =('FCO2 - ktCO2'!B10*1000000000)/('MEWG - GWh'!B10*1000000) -> 462.89703 | C10: =('FCO2 - ktCO2'!C10*1000000000)/('MEWG - GWh'!C10*1000000) -> 457.12046 | D10: =('FCO2 - ktCO2'!D10*1000000000)/('MEWG - GWh'!D10*1000000) -> 444.8644 | E10: =('FCO2 - ktCO2'!E10*1000000000)/('MEWG - GWh'!E10*1000000) -> 466.36665 | F10: =('FCO2 - ktCO2'!F10*1000000000)/('MEWG - GWh'!F10*1000000) -> 457.18147 | G10: =('FCO2 - ktCO2'!G10*1000000000)/('MEWG - GWh'!G10*1000000) -> 470.69584 | H10: =('FCO2 - ktCO2'!H10*1000000000)/('MEWG - GWh'!H10*1000000) -> 455.3503 | I10: =('FCO2 - ktCO2'!I10*1000000000)/('MEWG - GWh'!I10*1000000) -> 448.9459 | ... AP10: =('FCO2 - ktCO2'!AP10*1000000000)/('MEWG - GWh'!AP10*1000000) -> 144.05084
A11: Dan1; 9 Luxembourg (LX); 1 Power own use & trans. | B11: =('FCO2 - ktCO2'!B11*1000000000)/('MEWG - GWh'!B11*1000000) -> 192.44618 | C11: =('FCO2 - ktCO2'!C11*1000000000)/('MEWG - GWh'!C11*1000000) -> 196.94052 | D11: =('FCO2 - ktCO2'!D11*1000000000)/('MEWG - GWh'!D11*1000000) -> 197.08376 | E11: =('FCO2 - ktCO2'!E11*1000000000)/('MEWG - GWh'!E11*1000000) -> 179.73079 | F11: =('FCO2 - ktCO2'!F11*1000000000)/('MEWG - GWh'!F11*1000000) -> 180.43144 | G11: =('FCO2 - ktCO2'!G11*1000000000)/('MEWG - GWh'!G11*1000000) -> 132.60633 | H11: =('FCO2 - ktCO2'!H11*1000000000)/('MEWG - GWh'!H11*1000000) -> 100.34392 | I11: =('FCO2 - ktCO2'!I11*1000000000)/('MEWG - GWh'!I11*1000000) -> 110.32511 | ... AP11: =('FCO2 - ktCO2'!AP11*1000000000)/('MEWG - GWh'!AP11*1000000) -> 2.6862929
A12: Dan1; 10 Netherlands (NL); 1 Power own use & trans. | B12: =('FCO2 - ktCO2'!B12*1000000000)/('MEWG - GWh'!B12*1000000) -> 510.80488 | C12: =('FCO2 - ktCO2'!C12*1000000000)/('MEWG - GWh'!C12*1000000) -> 498.64816 | D12: =('FCO2 - ktCO2'!D12*1000000000)/('MEWG - GWh'!D12*1000000) -> 535.36819 | E12: =('FCO2 - ktCO2'!E12*1000000000)/('MEWG - GWh'!E12*1000000) -> 586.63867 | F12: =('FCO2 - ktCO2'!F12*1000000000)/('MEWG - GWh'!F12*1000000) -> 596.12839 | G12: =('FCO2 - ktCO2'!G12*1000000000)/('MEWG - GWh'!G12*1000000) -> 610.47084 | H12: =('FCO2 - ktCO2'!H12*1000000000)/('MEWG - GWh'!H12*1000000) -> 573.641 | I12: =('FCO2 - ktCO2'!I12*1000000000)/('MEWG - GWh'!I12*1000000) -> 535.56485 | ... AP12: =('FCO2 - ktCO2'!AP12*1000000000)/('MEWG - GWh'!AP12*1000000) -> 78.749346
A13: Dan1; 11 Austria (AT); 1 Power own use & trans. | B13: =('FCO2 - ktCO2'!B13*1000000000)/('MEWG - GWh'!B13*1000000) -> 153.55476 | C13: =('FCO2 - ktCO2'!C13*1000000000)/('MEWG - GWh'!C13*1000000) -> 162.50752 | D13: =('FCO2 - ktCO2'!D13*1000000000)/('MEWG - GWh'!D13*1000000) -> 127.8277 | E13: =('FCO2 - ktCO2'!E13*1000000000)/('MEWG - GWh'!E13*1000000) -> 186.97096 | F13: =('FCO2 - ktCO2'!F13*1000000000)/('MEWG - GWh'!F13*1000000) -> 177.81101 | G13: =('FCO2 - ktCO2'!G13*1000000000)/('MEWG - GWh'!G13*1000000) -> 193.65177 | H13: =('FCO2 - ktCO2'!H13*1000000000)/('MEWG - GWh'!H13*1000000) -> 177.53707 | I13: =('FCO2 - ktCO2'!I13*1000000000)/('MEWG - GWh'!I13*1000000) -> 182.02037 | ... AP13: =('FCO2 - ktCO2'!AP13*1000000000)/('MEWG - GWh'!AP13*1000000) -> 53.951421
A14: Dan1; 12 Portugal (PT); 1 Power own use & trans. | B14: =('FCO2 - ktCO2'!B14*1000000000)/('MEWG - GWh'!B14*1000000) -> 286.91872 | C14: =('FCO2 - ktCO2'!C14*1000000000)/('MEWG - GWh'!C14*1000000) -> 335.95004 | D14: =('FCO2 - ktCO2'!D14*1000000000)/('MEWG - GWh'!D14*1000000) -> 402.44235 | E14: =('FCO2 - ktCO2'!E14*1000000000)/('MEWG - GWh'!E14*1000000) -> 364.22943 | F14: =('FCO2 - ktCO2'!F14*1000000000)/('MEWG - GWh'!F14*1000000) -> 359.55965 | G14: =('FCO2 - ktCO2'!G14*1000000000)/('MEWG - GWh'!G14*1000000) -> 435.10763 | H14: =('FCO2 - ktCO2'!H14*1000000000)/('MEWG - GWh'!H14*1000000) -> 360.84489 | I14: =('FCO2 - ktCO2'!I14*1000000000)/('MEWG - GWh'!I14*1000000) -> 435.59334 | ... AP14: =('FCO2 - ktCO2'!AP14*1000000000)/('MEWG - GWh'!AP14*1000000) -> 118.68979
... A73: Dan1; 71 Pakistan (PK); 1 Power own use & trans. | B73: =('FCO2 - ktCO2'!B73*1000000000)/('MEWG - GWh'!B73*1000000) -> 482.06155 | C73: =('FCO2 - ktCO2'!C73*1000000000)/('MEWG - GWh'!C73*1000000) -> 443.66921 | D73: =('FCO2 - ktCO2'!D73*1000000000)/('MEWG - GWh'!D73*1000000) -> 459.25504 | E73: =('FCO2 - ktCO2'!E73*1000000000)/('MEWG - GWh'!E73*1000000) -> 475.46313 | F73: =('FCO2 - ktCO2'!F73*1000000000)/('MEWG - GWh'!F73*1000000) -> 467.54368 | G73: =('FCO2 - ktCO2'!G73*1000000000)/('MEWG - GWh'!G73*1000000) -> 456.7941 | H73: =('FCO2 - ktCO2'!H73*1000000000)/('MEWG - GWh'!H73*1000000) -> 444.21772 | I73: =('FCO2 - ktCO2'!I73*1000000000)/('MEWG - GWh'!I73*1000000) -> 466.63674 | ... AP73: =('FCO2 - ktCO2'!AP73*1000000000)/('MEWG - GWh'!AP73*1000000) -> 212.0924

Sheet MEWG - GWh
A1: MEWG - Electricty Generation by technology (GWh/y)
A2: time | B2: 2010 | C2: 2011 | D2: 2012 | E2: 2013 | F2: 2014 | G2: 2015 | H2: 2016 | I2: 2017 | J2: 2018 | K2: 2019 | L2: 2020 | M2: 2021 | N2: 2022 | O2: 2023 | P2: 2024 | Q2: 2025 | R2: 2026 | S2: 2027 | T2: 2028 | U2: 2029 | V2: 2030 | W2: 2031 | X2: 2032 | Y2: 2033 | Z2: 2034 | AA2: 2035 | AB2: 2036 | AC2: 2037 | AD2: 2038 | AE2: 2039 | AF2: 2040 | AG2: 2041 | AH2: 2042 | AI2: 2043 | AJ2: 2044 | AK2: 2045 | AL2: 2046 | AM2: 2047 | AN2: 2048 | AO2: 2049 | AP2: 2050
A3: Dan1; 1 Belgium (BE); sum of T2TI | B3: 94315.7 | C3: 90294.2 | D3: 82745 | E3: 83071.601 | F3: 72118.7 | G3: 69239.1 | H3: 85085.399 | I3: 86067.9 | J3: 74552.6 | K3: 93210.002 | L3: 89012.047 | M3: 100008.06 | N3: 95576.564 | O3: 98029.257 | P3: 100380.6 | Q3: 103008.32 | R3: 107304.88 | S3: 112056.25 | T3: 117321.62 | U3: 123143.79 | V3: 129581.45 | W3: 133950.63 | X3: 138651.18 | Y3: 143681.41 | Z3: 149123.02 | AA3: 154917.59 | AB3: 156165.35 | AC3: 157423.72 | AD3: 158658.04 | AE3: 159869.38 | AF3: 161059.89 | AG3: 161864 | AH3: 162641.43 | AI3: 163392.9 | AJ3: 164121.57 | AK3: 164833.99 | AL3: 165422.53 | AM3: 166004.45 | AN3: 166577.75 | AO3: 167147.88 | AP3: 167719.42
A4: Dan1; 2 Denmark (DK); sum of T2TI | B4: 38862.032 | C4: 35229.069 | D4: 30700.702 | E4: 34742.088 | F4: 32184.012 | G4: 28940.632 | H4: 30538.407 | I4: 31022.553 | J4: 30369.763 | K4: 29516.956 | L4: 28786.556 | M4: 33136.777 | N4: 35200.888 | O4: 36965.833 | P4: 38477.576 | Q4: 40041.583 | R4: 41345.196 | S4: 42754.17 | T4: 44261.097 | U4: 45868.867 | V4: 47565.559 | W4: 48200.096 | X4: 48860.201 | Y4: 49523.696 | Z4: 50181.912 | AA4: 50829.28 | AB4: 51599.029 | AC4: 52346.506 | AD4: 53069.2 | AE4: 53766.49 | AF4: 54439.949 | AG4: 55008.859 | AH4: 55556.844 | AI4: 56084.849 | AJ4: 56595.751 | AK4: 57089.922 | AL4: 57486.755 | AM4: 57874.045 | AN4: 58252.492 | AO4: 58624.566 | AP4: 58991.687
A5: Dan1; 3 Germany (DE); sum of T2TI | B5: 631038 | C5: 611023 | D5: 626495 | E5: 636936 | F5: 625783 | G5: 646485 | H5: 648561 | I5: 652022 | J5: 638902 | K5: 605430 | L5: 574349.31 | M5: 591693.35 | N5: 579398.92 | O5: 587491.48 | P5: 594550.27 | Q5: 602783.79 | R5: 613457.72 | S5: 625144.73 | T5: 637874.03 | U5: 651643.49 | V5: 666562.32 | W5: 671949.86 | X5: 678009.19 | Y5: 684518.61 | Z5: 691410.95 | AA5: 698624.31 | AB5: 705341.44 | AC5: 712068.16 | AD5: 718624.72 | AE5: 724967.35 | AF5: 731484.64 | AG5: 741305.73 | AH5: 750558.65 | AI5: 759590.92 | AJ5: 768437.9 | AK5: 777087.95 | AL5: 787986.93 | AM5: 798782.74 | AN5: 809621.37 | AO5: 820541.56 | AP5: 831539.69
A6: Dan1; 4 Greece (EL); sum of T2TI | B6: 57405.48 | C6: 59436.05 | D6: 60959.12 | E6: 57151.97 | F6: 50473.85 | G6: 51874.13 | H6: 54439.46 | I6: 55266.09 | J6: 53262.781 | K6: 48626.174 | L6: 48352.108 | M6: 54857.119 | N6: 52787.066 | O6: 54106.088 | P6: 55267.455 | Q6: 56670.809 | R6: 56613.517 | S6: 56585.189 | T6: 56587.622 | U6: 56614.387 | V6: 56666.395 | W6: 56852.519 | X6: 57068.158 | Y6: 57320.453 | Z6: 57603.905 | AA6: 57923.358 | AB6: 58301.246 | AC6: 58711.312 | AD6: 59155.184 | AE6: 59635.603 | AF6: 60152.917 | AG6: 61055.455 | AH6: 61980.834 | AI6: 62948.12 | AJ6: 63949.459 | AK6: 64979.537 | AL6: 66513.681 | AM6: 68098.111 | AN6: 69746.023 | AO6: 71463.989 | AP6: 73237.949
A7: Dan1; 5 Spain (ES); sum of T2TI | B7: 301368.2 | C7: 293676 | D7: 297383.62 | E7: 285631.12 | F7: 278749.28 | G7: 280695.45 | H7: 274663.77 | I7: 275635 | J7: 274358 | K7: 273118 | L7: 263281.97 | M7: 274107.79 | N7: 292248.05 | O7: 294682.07 | P7: 296458.28 | Q7: 298360.42 | R7: 301097.36 | S7: 303904.4 | T7: 306882.16 | U7: 310087.19 | V7: 313557.5 | W7: 315771.84 | X7: 318294.92 | Y7: 321055.79 | Z7: 324084.76 | AA7: 327426.8 | AB7: 330504.33 | AC7: 333905.11 | AD7: 337523.08 | AE7: 341336.4 | AF7: 345297.05 | AG7: 349497.26 | AH7: 353603.6 | AI7: 357530.28 | AJ7: 361247.32 | AK7: 364700.77 | AL7: 367646.06 | AM7: 370083.25 | AN7: 372259.18 | AO7: 374213.98 | AP7: 376031.65
A8: Dan1; 6 France (FR); sum of T2TI | B8: 569152.73 | C8: 572557.74 | D8: 572006.44 | E8: 581632.65 | F8: 571999.61 | G8: 578874.71 | H8: 563488.97 | I8: 561223.26 | J8: 581074.16 | K8: 570226.06 | L8: 532133.12 | M8: 554988.06 | N8: 474675.3 | O8: 551102.87 | P8: 549528.34 | Q8: 548617.74 | R8: 550313.46 | S8: 552609.66 | T8: 555513.44 | U8: 559077.88 | V8: 563398 | W8: 565559.61 | X8: 568379.42 | Y8: 571839.14 | Z8: 575898.71 | AA8: 580498.3 | AB8: 583904.46 | AC8: 587655.93 | AD8: 591683.29 | AE8: 595769.33 | AF8: 599802.54 | AG8: 603819.26 | AH8: 607848.12 | AI8: 611407.52 | AJ8: 614761.45 | AK8: 617692.57 | AL8: 620696.93 | AM8: 623291.93 | AN8: 625832.96 | AO8: 628405.77 | AP8: 630995.94
A9: Dan1; 7 Ireland (IE); sum of T2TI | B9: 28353.254 | C9: 27164.028 | D9: 27355.032 | E9: 25920.542 | F9: 26085.749 | G9: 28389.282 | H9: 30511.534 | I9: 30874.196 | J9: 31134.985 | K9: 30955.544 | L9: 32277.769 | M9: 31873.038 | N9: 33867.531 | O9: 34682.205 | P9: 35524.478 | Q9: 36439.689 | R9: 37004.146 | S9: 37601.992 | T9: 38235.466 | U9: 38909.193 | V9: 39626.993 | W9: 39919.2 | X9: 40249.351 | Y9: 40619.564 | Z9: 41032.493 | AA9: 41489.228 | AB9: 41964.329 | AC9: 42472.008 | AD9: 43008.479 | AE9: 43568.5 | AF9: 44141.238 | AG9: 44904.277 | AH9: 45667.734 | AI9: 46424.35 | AJ9: 47171.842 | AK9: 47902.73 | AL9: 48805.295 | AM9: 49692.315 | AN9: 50578.827 | AO9: 51471.609 | AP9: 52366.051
A10: Dan1; 8 Italy (IT); sum of T2TI | B10: 301285.55 | C10: 301773.98 | D10: 298525.74 | E10: 289051.19 | F10: 279165.62 | G10: 282396.79 | H10: 289032.67 | I10: 295169.01 | J10: 289107.24 | K10: 293203.34 | L10: 280677.77 | M10: 289157.06 | N10: 283937.32 | O10: 288097.27 | P10: 292209.32 | Q10: 296549.18 | R10: 301426.29 | S10: 306543.77 | T10: 311988.4 | U10: 317747.91 | V10: 323863.15 | W10: 325408.26 | X10: 327225.26 | Y10: 329296.82 | Z10: 331573.62 | AA10: 334131.03 | AB10: 337821.06 | AC10: 341796.97 | AD10: 346027.15 | AE10: 350464.02 | AF10: 355016.26 | AG10: 360097.23 | AH10: 365066.88 | AI10: 369898.56 | AJ10: 374531.59 | AK10: 378915.81 | AL10: 383677.08 | AM10: 388172.56 | AN10: 392444.48 | AO10: 396523.36 | AP10: 400398.62
A11: Dan1; 9 Luxembourg (LX); sum of T2TI | B11: 4591.2791 | C11: 3716.2971 | D11: 3816.974 | E11: 2889.131 | F11: 2964.982 | G11: 2766.08 | H11: 2197.581 | I11: 2235.1439 | J11: 2199.683 | K11: 1908.426 | L11: 2238.2836 | M11: 2215.1654 | N11: 2241.9275 | O11: 2132.2866 | P11: 2025.3539 | Q11: 1936.7119 | R11: 2009.4977 | S11: 2090.1431 | T11: 2179.1752 | U11: 2277.153 | V11: 2384.6125 | W11: 2422.8095 | X11: 2468.5968 | Y11: 2522.395 | Z11: 2585.2637 | AA11: 2658.7442 | AB11: 2700.1965 | AC11: 2755.3112 | AD11: 2825.8148 | AE11: 2914.3713 | AF11: 3023.5691 | AG11: 3122.684 | AH11: 3249.3634 | AI11: 3405.6677 | AJ11: 3592.6506 | AK11: 3810.2602 | AL11: 4074.0132 | AM11: 4361.0425 | AN11: 4666.5607 | AO11: 4982.0159 | AP11: 5298.3828
A12: Dan1; 10 Netherlands (NL); sum of T2TI | B12: 119116 | C12: 113815 | D12: 103087 | E12: 101507 | F12: 103214 | G12: 108843 | H12: 113861 | I12: 115631.59 | J12: 113808.46 | K12: 120863.88 | L12: 122860.34 | M12: 121684.53 | N12: 121299.95 | O12: 123803.1 | P12: 125717.17 | Q12: 128005.62 | R12: 130713.01 | S12: 133581.43 | T12: 136662.52 | U12: 139983.88 | V12: 143522.31 | W12: 145523.66 | X12: 147638.98 | Y12: 149832.25 | Z12: 152068.34 | AA12: 154340.86 | AB12: 156385.76 | AC12: 158415.95 | AD12: 160403.2 | AE12: 162342.2 | AF12: 164242.43 | AG12: 166735.76 | AH12: 169193.04 | AI12: 171630.46 | AJ12: 174070.84 | AK12: 176515.04 | AL12: 180403.28 | AM12: 184324.04 | AN12: 188330.67 | AO12: 192452.58 | AP12: 196671.85
A13: Dan1; 11 Austria (AT); sum of T2TI | B13: 71110.108 | C13: 65801.611 | D13: 72591.976 | E13: 68342.637 | F13: 65425.476 | G13: 65284.545 | H13: 68292.708 | I13: 71311.912 | J13: 68604.745 | K13: 74221.533 | L13: 72595.579 | M13: 70788.118 | N13: 69263.353 | O13: 69557.017 | P13: 69750.27 | Q13: 70093.175 | R13: 70597.048 | S13: 71188.404 | T13: 71872.445 | U13: 72661.526 | V13: 73570.025 | W13: 74083.616 | X13: 74699.712 | Y13: 75419.349 | Z13: 76233.01 | AA13: 77127.675 | AB13: 78346.309 | AC13: 79594.907 | AD13: 80851.864 | AE13: 82096.376 | AF13: 83348.078 | AG13: 84669.848 | AH13: 85937.202 | AI13: 87073.506 | AJ13: 88147.413 | AK13: 89176.232 | AL13: 90082.228 | AM13: 90927.501 | AN13: 91737.768 | AO13: 92519.76 | AP13: 93272.288
... A73: Dan1; 71 Pakistan (PK); sum of T2TI | B73: 94384 | C73: 95090 | D73: 96125 | E73: 104076 | F73: 106988 | G73: 111298 | H73: 123463 | I73: 131277 | J73: 128531 | K73: 133674 | L73: 141484.93 | M73: 159834.41 | N73: 172887.72 | O73: 181577.52 | P73: 190594.14 | Q73: 200183.47 | R73: 211346.35 | S73: 223350.38 | T73: 236261.85 | U73: 250157.01 | V73: 265121.48 | W73: 277757 | X73: 291210.13 | Y73: 305539.81 | Z73: 320822.53 | AA73: 337139.9 | AB73: 352265.67 | AC73: 368380.07 | AD73: 385546.47 | AE73: 403847.23 | AF73: 423230.25 | AG73: 443818.25 | AH73: 465599.32 | AI73: 488568.69 | AJ73: 512715.13 | AK73: 538025.8 | AL73: 564465.6 | AM73: 591990.32 | AN73: 620737.79 | AO73: 650675.58 | AP73: 681940.29
